{"train_loss": [0.01177607011385474, 0.005577841828388861, 0.00369788085771101, 0.0026792912357615057, 0.002275608923351352, 0.0022879309078656976, 0.001703947859007945, 0.0015814827427493884, 0.0016581871767860207, 0.0010812591407201636, 0.0012350490263408028, 0.0019116559287747502, 0.0013759280036493141, 0.0011598682720371039, 0.0008891920941375787, 0.0009968380656626796, 0.0011662553157724212], "val_loss": [0.020578436064488052, 0.00405826164053185, 0.0028196293162526583, 0.003559653890332944, 0.0015816206727798157, 0.000992442790404109, 0.0006488830676145373, 0.002524615888968674, 0.0009489487317734059, 0.0008522001208563359, 0.01212463041289928, 0.001341097919726883, 0.0006526807013345452, 0.0010922298304906668, 0.002191004645804123, 0.0015553171787023657, 0.0012205850840538684], "train_acc": [0.9968127585514827, 0.9985591511872774, 0.998972534006728, 0.9992720867744458, 0.9993230107449578, 0.9993978989368872, 0.9995057379332657, 0.9995896127082267, 0.9995776305975179, 0.9997603577858258, 0.9996525187894474, 0.9997004472322822, 0.9996854695938964, 0.9996944561769279, 0.9997693443688573, 0.9997513712027942, 0.9997064382876366], "val_acc": [0.9936117869327062, 0.9985728460168812, 0.9991437076101287, 0.9991165237247359, 0.999524282005627, 0.9997145692033762, 0.9997281611460725, 0.999266035094396, 0.999741753088769, 0.9998097128022508, 0.9984641104753103, 0.999633017547198, 0.999741753088769, 0.9997281611460725, 0.9994155464640561, 0.999633017547198, 0.9995514658910198]}