{"train_loss": [0.013887082064496053, 0.0046856319672600654, 0.002844384270492183, 0.002133421939372168, 0.001708633279156801, 0.0011828221653577714, 0.001102910339579068, 0.001060806194393073, 0.0007681132071937076, 0.0006408976457902234, 0.0006221942896334231, 0.0006046053391103798, 0.00048544714759493927, 0.0007874240999031845, 0.0004049863723316058, 0.00035884314659027786, 0.00044515197157125663, 0.00039758363389458284, 0.00041964548700158593, 0.0003131070850743973, 0.00029434255219289217, 0.00042801756187811575, 0.0002755012587729044, 0.0002458145015844221, 0.00035379115130832465, 0.0002115760555496595, 0.0002940670009586529, 0.00021671042276302118, 0.00026865554872284756], "val_loss": [0.005251976927634081, 0.001547039770239432, 0.0017511825245707126, 0.0015558300104069442, 0.0009620579873147623, 0.0018457783180852742, 0.0032500017556686017, 0.0012066529798472065, 0.0015276520221594923, 0.0014822357219289536, 0.0021654354451369753, 0.0023623064525963955, 0.0013122775079057577, 0.0012696791922278648, 0.001205862110013159, 0.0024684636618921, 0.001071779278822743, 0.0016105534072034194, 0.0011467003388961337, 0.0010417738451733102, 0.0014395640512233601, 0.0006776429748799252, 0.001590423904266409, 0.0013237938352895307, 0.0011379314850132407, 0.0019306217881706516, 0.000986657887472725, 0.0013225054923743187, 0.0009190705430985271], "train_acc": [0.9957493462260845, 0.9985321914381828, 0.9991133238075554, 0.9993799257708241, 0.9995416842653918, 0.9996345456233843, 0.9996704919555105, 0.9997034427599594, 0.9997603577858258, 0.9998082862286606, 0.9997783309518888, 0.9998412370331096, 0.9998412370331096, 0.9998472280884639, 0.9998622057268498, 0.9998981520589759, 0.9998861699482673, 0.99988317442059, 0.9998891654759444, 0.9999131296973619, 0.9999191207527162, 0.9999131296973619, 0.9999281073357478, 0.9999370939187793, 0.9998921610036217, 0.9999580626125195, 0.9999101341696847, 0.9999400894464565, 0.9999400894464565], "val_acc": [0.9984233346472211, 0.9994970981202344, 0.9993883625786634, 0.9994699142348415, 0.9996737933752872, 0.9994155464640561, 0.9991301156674324, 0.9996466094898944, 0.9996466094898944, 0.9996873853179835, 0.999524282005627, 0.9993475867505742, 0.9996873853179835, 0.9997145692033762, 0.9997281611460725, 0.9995786497764125, 0.9997961208595545, 0.9996602014325907, 0.999782528916858, 0.999782528916858, 0.9995922417191089, 0.9998097128022508, 0.9995922417191089, 0.9997689369741617, 0.999782528916858, 0.9996058336618052, 0.999782528916858, 0.9997553450314653, 0.9997553450314653]}