{"train_loss": [0.010225876099477779, 0.004221073816489153, 0.002663464026661795, 0.0023720689030392646, 0.0016530263709221018, 0.0013778088322922485, 0.0013445167571445333, 0.0012030759651482923, 0.0010492391141820546, 0.0009418489154829857, 0.0009604766222541196, 0.0007249664491111288, 0.0005905808791072117, 0.0007077171701766771, 0.0005874859141432912, 0.0006697237137895635, 0.0005976334665747939], "val_loss": [0.0040404568926919035, 0.0011734795011860769, 0.0022665820090282196, 0.0008096109297600234, 0.0009533793492946965, 0.0021145335026165352, 0.000982481488625429, 0.0006746164424212182, 0.0011504175480149081, 0.0007045925334504276, 0.001584543024720206, 0.007483702631684303, 0.0008580692533577582, 0.001834906771545011, 0.0014992471575172941, 0.0014225297142182874, 0.004321007703083411], "train_acc": [0.9972531011200279, 0.9988227576228691, 0.9991971985825163, 0.9993709391877926, 0.9995117289886201, 0.999613576929644, 0.9995776305975179, 0.9996854695938964, 0.9996734874831876, 0.9997064382876366, 0.9997663488411801, 0.9997873175349203, 0.9998322504500781, 0.9998052907009835, 0.9998172728116922, 0.9998292549224008, 0.9998532191438183], "val_acc": [0.9987087654438449, 0.9996058336618052, 0.9992796270370924, 0.9997553450314653, 0.999741753088769, 0.9993204028651815, 0.999741753088769, 0.9997553450314653, 0.9997009772606799, 0.9998504886303399, 0.9996873853179835, 0.9983689668764356, 0.9998504886303399, 0.9996466094898944, 0.9995922417191089, 0.9997009772606799, 0.9992524431516997]}